data,canal,tema,resumo,resolvido
2025-09-15,chat,CDB,Cliente perguntou sobre rentabilidade e prazos,sim
2025-09-22,telefone,Problema no app,Erro ao visualizar extrato foi corrigido,sim
2025-10-01,chat,Tesouro Selic,Cliente pediu explicação sobre o funcionamento do Tesouro Direto,sim
2025-10-12,chat,Metas financeiras,Cliente acompanhou o progresso da reserva de emergência,sim
2025-10-25,email,Atualização cadastral,Cliente atualizou e-mail e telefone,sim
2025-11-03,chat,Cartão de crédito,Cliente solicitou aumento de limite e foi orientado sobre os critérios,sim
2025-11-10,telefone,Portabilidade de salário,Cliente tirou dúvidas sobre os documentos necessários,sim
2025-11-18,email,Investimentos,Cliente perguntou sobre fundos de renda fixa de curto prazo,sim
2025-11-25,chat,Empréstimo consignado,Cliente simulou taxas e prazos de pagamento,sim
2025-12-02,chat,Imposto de Renda,Cliente solicitou informe de rendimentos do ano anterior,sim